Date;Open;High;Low;Close;Adj Close;Volume
31/08/17;34,919998;35,18;34,450001;35,080002;24,27585;56429700
01/09/17;35,5;35,98;35,259998;35,669998;24,684135;22554600
04/09/17;35,380001;36,189999;35,310001;36,099998;24,981703;15002800
05/09/17;36,5;36,689999;35,18;35,599998;24,635695;24227100
06/09/17;35,82;36,09;35,470001;35,799999;24,774099;18117700
07/09/17;35,799999;35,799999;35,799999;35,799999;24,774099;0
08/09/17;35,689999;36,110001;34,470001;34,48;23,860638;23042000
11/09/17;34,799999;35,209999;34,73;35,09;24,28277;19131800
12/09/17;35,369999;35,73;35,23;35,259998;24,40041;16114100
13/09/17;35,049999;35,130001;34,389999;34,77;24,061327;21951600
14/09/17;34;34,099998;33,349998;33,619999;23,265507;24324600
15/09/17;33,360001;34,139999;33,299999;33,799999;23,390068;34216900
18/09/17;33,810001;34,310001;33,779999;34,25;23,701477;18617700
19/09/17;33,799999;33,990002;33,330002;33,919998;23,47311;17106900
20/09/17;33,880001;34,150002;32,77;33,169998;22,954102;24175400
21/09/17;32,650002;32,77;32,16;32,509998;22,49737;26157600
22/09/17;32,150002;32,380001;31,85;31,91;22,082163;16957700
25/09/17;31,799999;32,290001;31;31,09;21,514711;21014300
26/09/17;31,469999;31,93;31,41;31,5;21,798437;17114500
27/09/17;31,98;32,25;31,030001;31,93;22,096006;26241300
28/09/17;31,51;31,85;31,280001;31,75;21,971445;17561400
29/09/17;32,139999;32,400002;31,610001;31,870001;22,054487;16047100
02/10/17;32,25;32,43;31,870001;31,9;22,075247;13596900
03/10/17;32,09;32,68;31,76;32,68;22,615017;23474600
04/10/17;32,880001;33,07;32,610001;32,610001;22,566578;17562500
05/10/17;33;33,189999;32,240002;32,27;22,331289;17253100
06/10/17;32,07;32,150002;31,83;32,139999;22,241327;12450500
09/10/17;32,049999;32,099998;31,26;31,5;21,798437;13520900
10/10/17;31,65;31,700001;30,940001;31,32;21,673876;20181500
11/10/17;30,940001;31,49;30,73;31,1;21,521635;23041300
12/10/17;31,1;31,1;31,1;31,1;21,521635;0
13/10/17;32,099998;33,099998;32;32,91;22,774178;31395900
16/10/17;33,380001;33,639999;32,830002;33,349998;23,078665;35861900
17/10/17;33,110001;33,32;32,580002;32,580002;22,545815;19842700
18/10/17;32,759998;32,950001;31,790001;32,27;22,331289;21210600
19/10/17;31,75;33,07;31,709999;33;22,836458;18549800
20/10/17;33,75;33,779999;32,950001;32,950001;22,801859;24301000
23/10/17;33;33,200001;32,639999;32,709999;22,635773;11948700
24/10/17;32,880001;33,830002;32,549999;33,830002;23,410833;19996200
25/10/17;33,630001;33,860001;33,07;33,549999;23,217066;16724100
26/10/17;33,869999;33,900002;32,669998;32,669998;22,608095;25302400
27/10/17;32,290001;32,869999;32,029999;32,549999;22,525053;17377200
30/10/17;32,189999;32,93;31,84;32,349998;22,386648;19401600
31/10/17;32,419998;32,689999;32,009998;32,099998;22,213646;14629600
01/11/17;32,799999;33,279999;32,689999;32,82;22,711897;29709500
02/11/17;32,82;32,82;32,82;32,82;22,711897;0
03/11/17;33,200001;33,540001;33;33,540001;23,210152;29217800
06/11/17;33,889999;34,34;33,830002;34,34;23,763758;26333200
07/11/17;34,240002;34,240002;33,52;33,52;23,196306;20239700
08/11/17;33,810001;33,950001;33,450001;33,939999;23,486952;11580800
09/11/17;33,700001;33,709999;32,799999;32,799999;22,698059;19246700
10/11/17;32,779999;33,029999;32,5;32,77;22,677298;12199100
13/11/17;32,84;33,439999;32,59;33,139999;22,933342;12424700
14/11/17;33,02;33,099998;31,940001;32,16;22,255169;23389800
15/11/17;32,16;32,16;32,16;32,16;22,255169;0
16/11/17;32,459999;32,790001;32,029999;32,599998;22,55965;16280300
17/11/17;32,59;33,169998;32,32;32,919998;22,781097;13771300
20/11/17;32,919998;32,919998;32,919998;32,919998;22,781097;0
21/11/17;33,290001;34,049999;33,150002;34,049999;23,563076;23741300
22/11/17;34,400002;34,970001;34,279999;34,740002;24,040564;22150200
23/11/17;34,830002;35,349998;34,57;35,200001;24,358891;11962000
24/11/17;35,18;35,849998;35,110001;35,790001;24,767178;30784900
27/11/17;35,459999;35,779999;35,080002;35,41;24,504213;15112700
28/11/17;35,450001;36,650002;35,25;36,25;25,085508;28591400
29/11/17;36,279999;36,580002;35,630001;35,700001;24,704895;18176000
30/11/17;35,700001;36,080002;34,93;35,139999;24,317368;25417200
01/12/17;35,200001;35,970001;34,889999;35,48;24,55265;17204100
04/12/17;35,959999;36,98;35,849998;36,830002;25,486874;22600100
05/12/17;36,810001;37,400002;36,02;36,02;24,926342;25898800
06/12/17;35,580002;35,990002;35,360001;35,759998;24,746416;20400800
07/12/17;35,049999;35,5;34,900002;35,34;24,455774;19876200
08/12/17;35,810001;35,950001;35,459999;35,48;24,55265;21502200
11/12/17;35,830002;36;35,48;35,759998;24,746416;14785300
12/12/17;35,630001;36,18;35,220001;36,18;25,037064;17624400
13/12/17;36,43;36,48;36,049999;36,110001;24,988623;21135300
14/12/17;35,91;36,580002;35,790001;36,240002;25,078587;17718000
15/12/17;36,509998;37,279999;36,360001;36,889999;25,528395;32954100
18/12/17;37,490002;38,02;37,34;37,84;26,185808;24339300
19/12/17;37,709999;38,099998;37,639999;37,849998;26,192724;14041000
20/12/17;37,970001;39,209999;37,970001;39,150002;27,092348;19218100
21/12/17;39,099998;39,73;39,080002;39,73;27,493715;11772500
22/12/17;39,34;39,830002;39,220001;39,790001;27,829365;10140000
25/12/17;39,790001;39,790001;39,790001;39,790001;27,829365;0
26/12/17;39,610001;40;39,02;39,849998;27,871334;9986600
27/12/17;39,799999;40,209999;39,630001;39,860001;27,878328;9943000
28/12/17;40,009998;40,259998;39,93;40,259998;28,158091;9963300
29/12/17;40,259998;40,259998;40,259998;40,259998;28,158091;0
02/01/18;40,439999;41,740002;40,439999;41,720001;29,179224;14156500
03/01/18;41,830002;41,880001;41,299999;41,470001;29,004374;12744200
04/01/18;41,810001;42,369999;41,52;41,639999;29,123266;18433000
05/01/18;41,57;42,290001;41,310001;42,290001;29,577885;15251300
08/01/18;42,400002;43,23;42,400002;43,23;30,235329;14542800
09/01/18;43,580002;43,75;42,93;43,07;30,123421;15986200
10/01/18;42,740002;42,950001;42,419998;42,470001;29,703779;12149500
11/01/18;42,599998;43,299999;42,599998;43,299999;30,284286;10236300
12/01/18;42,950001;43,66;42,75;43,549999;30,459135;15014300
15/01/18;43,5;43,720001;43,27;43,470001;30,403183;7253400
16/01/18;42,98;43,139999;42,299999;42,299999;29,584871;20121900
17/01/18;42,400002;43,220001;42,360001;43,150002;30,179373;16490700
18/01/18;43,5;43,610001;42,68;42,860001;29,976542;10772100
19/01/18;43,200001;43,400002;42,599998;42,880001;29,990536;11173100
22/01/18;43,099998;43,16;42,220001;42,650002;29,82967;11580900
23/01/18;41,990002;42,110001;40,810001;40,93;28,62669;22075600
24/01/18;41,209999;42,130001;41,139999;41,779999;29,221186;22096600
25/01/18;41,779999;41,779999;41,779999;41,779999;29,221186;0
26/01/18;41,849998;41,880001;40,709999;41,43;28,976395;19259500
29/01/18;41,099998;42,240002;41,040001;41,889999;29,298117;16752900
30/01/18;41,700001;41,959999;41,23;41,470001;29,004374;13180300
31/01/18;41,75;42,68;41,450001;41,450001;28,990381;22859700
01/02/18;41,599998;42,470001;41,57;41,790001;29,228184;21949700
02/02/18;41,650002;41,650002;40,75;40,799999;28,535769;17892300
05/02/18;40,599998;42,040001;40,330002;40,349998;28,221035;22452800
06/02/18;40,009998;42,470001;39,93;42,470001;29,703779;26037000
07/02/18;42,43;42,720001;41,700001;41,709999;29,17223;20560700
08/02/18;41,689999;42,130001;41,07;41,59;29,088297;18928800
09/02/18;41,400002;42,400002;41,029999;42;29,375053;22760500
14/02/18;43,400002;44,549999;43,259998;44,509998;31,130562;25905800
15/02/18;45,009998;45,959999;44,950001;45,950001;32,137714;31043100
16/02/18;45,82;46,189999;45,470001;46,029999;32,193665;21107300
19/02/18;46,099998;46,799999;45,959999;46,450001;32,487411;12756100
20/02/18;46,049999;46,450001;45,240002;45,509998;31,829971;18417600
21/02/18;45,509998;45,959999;44,709999;44,799999;31,333395;24312600
22/02/18;45,23;45,68;45,119999;45,669998;31,941874;14081800
23/02/18;46;46,41;45,650002;46,080002;32,228626;17489800
26/02/18;46,740002;47,400002;46,689999;47,400002;33,151852;20374600
27/02/18;47,470001;47,599998;46,709999;47,330002;33,102886;15063400
28/02/18;46,990002;47,09;44,650002;45,049999;31,508245;39459100
01/03/18;45,209999;45,630001;43,970001;44,450001;31,088602;25776000
02/03/18;43,799999;43,880001;42,740002;43,75;30,599014;25236200
05/03/18;43,48;43,939999;42,880001;43,700001;30,564047;16100600
06/03/18;44,5;44,919998;43,419998;43,490002;30,417168;22342000
07/03/18;42,509998;43,02;42,200001;42,849998;30,310015;19334700
08/03/18;42,68;42,790001;41,25;41,459999;29,326797;19983100
09/03/18;40,970001;42,27;40,509998;42,099998;29,779503;21077800
12/03/18;42,290001;42,630001;41,939999;42,459999;30,034147;11838200
13/03/18;42,740002;42,799999;42,049999;42,130001;29,800718;13838900
14/03/18;42,849998;43,34;42,57;42,599998;30,133175;17936000
15/03/18;42,700001;42,82;42,130001;42,400002;29,991711;16039100
16/03/18;42,400002;42,599998;42,049999;42,299999;29,920965;26802000
19/03/18;41,52;41,52;40,669998;41,099998;29,072145;21861500
20/03/18;41,099998;41,919998;40,93;41,599998;29,425819;9322500
21/03/18;41,75;42,689999;41,43;42,5;30,062441;19798000
22/03/18;41,939999;42,25;41,619999;41,93;29,659252;15229500
23/03/18;41,240002;42,200001;41,009998;41,599998;29,425819;14983200
26/03/18;42;42,380001;41,610001;42;29,708765;9850900
27/03/18;42,389999;42,389999;40,720001;40,860001;28,902388;11659800
28/03/18;40,610001;41,700001;40,060001;41,540001;29,383381;19038400
29/03/18;41,869999;42,75;41,740002;42,209999;29,857307;20347700
02/04/18;42,32;43,470001;42,32;43;30,416119;18944000
03/04/18;43,400002;43,549999;42,439999;42,869999;30,324158;13693900
04/04/18;41,799999;42,599998;41,59;42,549999;30,097809;12440000
05/04/18;43,310001;43,689999;43,029999;43,25;30,592953;14686600
06/04/18;42,91;43,099998;42,25;42,740002;30,232206;11282700
09/04/18;43,07;43,23;42,209999;42,950001;30,380749;11918100
10/04/18;43,799999;44,84;43,669998;44,84;31,717644;22479700
11/04/18;44,560001;45,060001;44,220001;44,639999;31,57617;17709600
12/04/18;44,419998;44,860001;44,32;44,810001;31,696424;9812400
13/04/18;44,849998;45,169998;44,599998;44,98;31,816671;15483300
16/04/18;44,610001;44,849998;44,310001;44,540001;31,505444;11434200
17/04/18;44,599998;46;44,560001;45,93;32,488655;13348000
18/04/18;47;48,080002;46,849998;47,48;33,585056;27655600
19/04/18;47,779999;48,169998;47,400002;47,830002;33,832626;16092700
20/04/18;47,759998;47,900002;47,330002;47,630001;33,691154;10188600
23/04/18;47,220001;47,98;47,060001;47,5;33,599197;11785300
24/04/18;47,700001;48,59;47,700001;48,310001;34,172153;15113400
25/04/18;47,75;48,490002;47,439999;47,950001;33,9175;15525500
26/04/18;47,700001;49;47,619999;48,700001;34,448021;13273500
27/04/18;48,900002;49,150002;47,860001;48,349998;34,200447;14624200
30/04/18;48,259998;48,830002;48,150002;48,669998;34,4268;8464400
02/05/18;48,5;49,32;48,419998;48,709999;34,455097;16526500
03/05/18;48,810001;49,330002;48,580002;49,09;34,723888;14025900
04/05/18;48,919998;49,900002;48,919998;49,700001;35,155373;14861100
07/05/18;49,720001;50,040001;49,110001;49,240002;34,82999;15433900
08/05/18;49,25;49,68;48,91;49,189999;34,794624;22420400
09/05/18;49,419998;50,419998;49,330002;50,25;35,544415;16776100
10/05/18;50,41;51,400002;50,380001;51,400002;36,357868;14314200
11/05/18;51,77;53,580002;51,75;52,630001;37,227917;21432500
14/05/18;53,080002;54,400002;53;54,27;38,38797;15847800
15/05/18;53,810001;54,650002;53,18;54,650002;38,656765;15954500
16/05/18;55,330002;56;55,139999;55,900002;39,540951;20944200
17/05/18;55,299999;55,799999;54,75;55,380001;39,173134;20241200
18/05/18;54,700001;55,5;53,450001;54,77;38,741646;22361100
21/05/18;55,009998;55,099998;53;53;37,489632;22608800
22/05/18;52,869999;53,060001;51,869999;52,34;37,022781;20491700
23/05/18;51,799999;52,240002;51,25;51,939999;36,739838;15703000
24/05/18;51,32;53;51,259998;52,459999;37,107662;14500200
25/05/18;52,580002;52,790001;51,049999;51,48;36,414459;13141500
28/05/18;50,900002;52,459999;50,709999;51,07;36,124443;13832600
29/05/18;51,970001;52,060001;49,990002;50,16;35,480747;18697800
30/05/18;50,209999;51,349998;49,700001;50,630001;35,813206;25861400
01/06/18;50,900002;53,080002;50,650002;52,759998;37,319866;20424100
04/06/18;53,18;53,450001;51,759998;52,52;37,150105;13964100
05/06/18;52,5;54;52,5;53,73;38,006001;16988600
06/06/18;54,5;56,23;54,490002;56,07;39,661201;26835500
07/06/18;56,459999;56,75;53,07;54,369999;38,458702;32389900
08/06/18;53,990002;53,990002;50,66;50,889999;35,99712;30421100
11/06/18;51,369999;52;50,59;50,849998;35,968826;14362000
12/06/18;50,5;52,360001;50,16;51,700001;36,570076;18403200
13/06/18;51,98;52,240002;50,73;51,549999;36,463974;15599000
14/06/18;51,869999;51,889999;50,75;51,709999;36,577148;18827200
15/06/18;51,400002;51,439999;48,700001;49,130001;34,752182;36611400
18/06/18;48,619999;49,290001;47,860001;49,209999;34,808773;20490400
19/06/18;47,700001;48,75;47,029999;48,299999;34,165081;26764800
20/06/18;49,049999;49,080002;48,07;48,810001;34,525829;14448400
21/06/18;48,509998;49,200001;47,040001;47,209999;33,394066;13952800
22/06/18;48,150002;48,470001;47,48;48,009998;33,959942;9632500
25/06/18;47,700001;47,799999;46,259998;47,16;33,358704;13800400
26/06/18;47,5;48,34;46,630001;48,34;34,193375;15460100
27/06/18;48,48;49,279999;47,900002;48,150002;34,058979;14471100
28/06/18;47,849998;49,439999;47,5;49,07;34,70974;16298400
29/06/18;49,700001;50,099998;49,049999;49,59;35,077564;12248000
02/07/18;48,889999;49,189999;48,52;48,759998;34,490463;8222800
03/07/18;49,299999;49,490002;47,959999;47,959999;33,924576;11486600
04/07/18;48,169998;48,369999;47,599998;48,029999;33,974091;6147000
05/07/18;48,549999;49,77;48,310001;49,700001;35,155373;12179600
06/07/18;49,790001;50,439999;49,389999;50,34;35,608078;8582200
10/07/18;50,700001;51,099998;49,349998;49,529999;35,035126;10935700
11/07/18;48,5;49,099998;48,450001;48,860001;34,561195;12912600
12/07/18;49,349998;50,669998;48,959999;50,450001;35,68589;20765500
13/07/18;50,599998;50,889999;49,93;50,310001;35,586849;15555400
16/07/18;50,310001;50,599998;49,599998;50;35,367577;12550000
17/07/18;50,130001;51,02;49,700001;50,700001;35,862728;11553600
18/07/18;51,150002;51,669998;50,82;51,450001;36,393238;9762900
19/07/18;50,709999;50,75;49,060001;49,43;34,964386;20977000
20/07/18;49,59;49,860001;48,630001;48,720001;34,46217;16788900
23/07/18;49,080002;50,130001;48,529999;49,599998;35,084637;8554600
24/07/18;51,919998;52,389999;51,310001;51,310001;36,294212;20910300
25/07/18;51,459999;51,75;50,740002;51,75;36,605442;15263700
26/07/18;52,470001;53,18;52,400002;52,779999;37,334015;54299500
27/07/18;53,48;53,669998;53,25;53,450001;37,807941;21543400
30/07/18;53,700001;54,349998;53,560001;54,330002;38,430412;15527200
31/07/18;54,200001;54,98;54,049999;54,84;38,791161;15921000
01/08/18;53,400002;53,77;53,02;53,060001;37,532074;36906000
02/08/18;52,09;53,09;51,5;52,84;37,376457;19796400
03/08/18;52,310001;52,939999;51,330002;52,549999;38,242725;15607700
06/08/18;52,099998;52,91;52;52,400002;38,133572;11904900
07/08/18;53,389999;53,650002;52,630001;52,75;38,388275;19065600
08/08/18;53,299999;53,330002;52,259998;52,400002;38,133572;13076000
09/08/18;52,5;53,040001;51,73;51,84;37,726032;12752800
10/08/18;51,41;51,91;50,720001;51,709999;37,631432;14630800
13/08/18;52,07;52,689999;51,740002;52,279999;38,046238;14720600
14/08/18;52,099998;52,91;51,77;52,759998;38,395554;17475600
15/08/18;51,599998;51,98;50,349998;50,41;36,685364;26625700
16/08/18;50,900002;51,029999;49,630001;49,720001;36,183224;20125600
17/08/18;49,529999;51,189999;49,23;50,799999;36,969181;17343200
20/08/18;51,099998;51,77;51,040001;51,439999;37,434937;14783600
21/08/18;51,16;52,099998;51,02;51,73;37,645985;13378300
22/08/18;51,650002;53,299999;51,630001;53,299999;38,78854;13073500
23/08/18;53,099998;53,52;52,650002;53,349998;38,824921;12263000
24/08/18;53,599998;54,459999;53,549999;54,150002;39,40712;10971100
27/08/18;54,169998;55,669998;54,169998;55,669998;40,513275;11205300
28/08/18;55,93;56,41;55,07;55,650002;40,498726;17875600
29/08/18;55,25;56,16;55,139999;55,220001;40,185795;10292800
30/08/18;55,299999;55,889999;54,400002;54,57;39,712761;14432500
31/08/18;54,52;54,799999;53,310001;53,619999;39,021412;15000000
03/09/18;53,299999;54,169998;53,209999;54,049999;39,334339;4356600
04/09/18;53,599998;53,790001;52;52;37,842472;10521800
05/09/18;52,080002;52,639999;51,75;52,150002;37,95163;7100000
06/09/18;52,790001;53,869999;52,400002;53,48;38,919529;12479400
10/09/18;53,91;54,040001;52,959999;53,220001;38,730312;9341300
11/09/18;52,610001;52,990002;52,130001;52,59;38,271839;10347800
12/09/18;53;53,709999;52,18;53,450001;38,897697;14230800
13/09/18;53,700001;54,43;53,52;53,779999;39,137848;14353500
14/09/18;54,099998;55,23;54,049999;55,200001;40,171242;17021500
17/09/18;55,299999;55,57;54,790001;55,040001;40,054802;12096900
18/09/18;55,630001;57,470001;55,509998;57,34;41,728603;20647900
19/09/18;57,610001;58,939999;57,529999;58,580002;42,631004;12451900
20/09/18;59,209999;59,610001;58,43;59,32;43,169533;11264600
21/09/18;59,889999;61,009998;59,599998;61,009998;44,399403;23057600
24/09/18;60,849998;61,25;60,150002;60,200001;43,80994;9008600
25/09/18;60;62,220001;59,860001;62,200001;45,265423;16840000
26/09/18;62,200001;62,419998;59,75;60,009998;43,671665;24600600
27/09/18;60,220001;60,75;58,610001;59,48;43,285965;20631400
28/09/18;58,849998;60,290001;58,849998;59,82;43,533401;14753000
01/10/18;59,68;60,57;59,080002;60,400002;43,955486;8976500
02/10/18;60,869999;61,740002;60,48;61,200001;44,537682;20530200
03/10/18;62,009998;62,189999;59,32;59,950001;43,628006;26674700
04/10/18;59,990002;60,34;58,669998;58,799999;42,791096;14396500
05/10/18;57,849998;58,310001;57,23;57,490002;41,837769;20202600
08/10/18;57;57,57;55,259998;57,049999;41,517559;26384200
09/10/18;57,400002;58,32;56,720001;57,700001;41,990593;17830500
10/10/18;57,380001;58,139999;55,889999;55,889999;40,673382;14135900
11/10/18;56,439999;57,16;55,619999;56,48;41,102749;15976400
15/10/18;56,950001;58,450001;56,84;57,669998;41,968754;16290900
16/10/18;57,939999;58,849998;57,25;57,700001;41,990593;15825800
17/10/18;58,34;58,919998;57,75;58,799999;42,791096;21832000
18/10/18;58,849998;58,849998;56,32;56,5;41,117302;17237800
19/10/18;57,099998;57,529999;56,360001;56,529999;41,139133;13429700
22/10/18;57,700001;58,419998;57,029999;58,369999;42,47818;14084400
23/10/18;57,310001;57,549999;56;56,75;41,299232;20763100
24/10/18;57,400002;57,59;54,43;54,43;39,610882;17954800
25/10/18;55,970001;56,040001;53,799999;54,610001;39,741871;29494700
26/10/18;54,900002;55,889999;53,509998;55,599998;40,462334;26630300
29/10/18;54,029999;54,389999;52,599998;53,099998;38,642982;26198300
30/10/18;53,599998;54,849998;52,959999;53,869999;39,203342;23799200
31/10/18;54,349998;56,709999;54,27;56,709999;41,270123;26626000
01/11/18;56,75;58,259998;55,52;57,5;41,845047;20420000
05/11/18;57,610001;58;57,040001;57,529999;41,866875;15491800
06/11/18;57;57,849998;56,560001;57,23;41,648552;11211000
07/11/18;57,790001;58,150002;57,400002;57,59;41,910542;12982500
08/11/18;57,779999;58,77;57,02;57,02;41,495728;16743700
09/11/18;56,5;57;54,130001;54,650002;39,770985;29209700
12/11/18;55,099998;55,450001;54,400002;54,849998;39,916527;15985200
13/11/18;54,900002;56,27;54,349998;56,27;40,949924;18790200
14/11/18;55,209999;55,669998;54,25;55,16;40,142128;28360900
16/11/18;55,849998;56,349998;55,150002;56,150002;40,862595;19633700
19/11/18;56,150002;56,279999;54,810001;55,369999;40,29496;12979700
21/11/18;54,150002;54,549999;53,709999;54,529999;39,683655;18590600
22/11/18;54,689999;54,720001;53,75;54,040001;39,327061;9255400
23/11/18;53,389999;53,389999;50,349998;50,349998;36,641701;33531500
26/11/18;49,950001;51,09;49;50,119999;36,474319;30327300
27/11/18;49,689999;50,490002;49,099998;49,919998;36,328773;25582700
28/11/18;50,5;52,32;50,220001;52,299999;38,060795;29038300
29/11/18;51,919998;52,73;51,130001;52;37,842472;23362000
30/11/18;51,560001;53,689999;51,560001;52,799999;38,424667;29502000
03/12/18;55,599998;55,68;53,740002;54,110001;39,378006;32418200
04/12/18;54,349998;54,52;52,5;52,880001;38,482883;26844200
05/12/18;53,299999;53,48;52,43;52,799999;38,424667;9656100
06/12/18;51,700001;52,599998;51,07;52,299999;38,060795;21376400
07/12/18;52,48;53,259998;51,09;51,290001;37,325771;19472100
10/12/18;51,119999;51,639999;50,189999;50,200001;36,532543;14331300
11/12/18;51,150002;51,740002;50,25;50,599998;36,823635;19443900
12/12/18;51,150002;51,400002;50,349998;50,369999;36,656254;15808900
13/12/18;50,849998;51,279999;50,25;50,599998;36,823635;15149000
14/12/18;50,380001;51,189999;49,849998;50,880001;37,027405;16910700
17/12/18;51,900002;52,27;51,029999;51,25;37,296665;21401300
18/12/18;51,349998;52,189999;51,349998;51,439999;37,434937;18988400
19/12/18;51,799999;52,400002;50,009998;50,009998;36,394272;24414200
20/12/18;50,740002;51,169998;49,450001;49,810001;36,248718;25323700
21/12/18;50,279999;51,25;50,220001;50,860001;37,012856;28272600
26/12/18;50,110001;50,700001;49,400002;50,439999;36,707195;13356400
27/12/18;50,099998;50,389999;49,279999;49,5;36,023121;14332000
28/12/18;50,310001;51,200001;50,25;51;37,114735;11914300
02/01/19;50,009998;51,369999;49,790001;51,09;37,180233;17319600
03/01/19;50,799999;50,939999;48,400002;49;35,659252;30120000
04/01/19;49,82;52,450001;49,82;52,189999;37,98074;43360100
07/01/19;52,869999;53,650002;51,720001;51,91;37,776974;20998900
08/01/19;52,200001;52,799999;51,619999;52,41;38,14085;19925600
09/01/19;53,16;54,060001;52,830002;53,689999;39,072346;27695500
10/01/19;53,23;53,290001;52,27;53,099998;38,642982;18113600
11/01/19;53,259998;53,459999;52,380001;52,380001;38,119015;12360400
14/01/19;51,98;52,700001;51,43;52,599998;38,279114;14626300
15/01/19;52,849998;53,200001;51,869999;52,349998;38,097183;14480300
16/01/19;52,400002;52,82;52,200001;52,650002;38,315506;15375100
17/01/19;52,439999;54,709999;52,27;54,23;39,465328;25525500
18/01/19;54,950001;55,599998;54,25;54,759998;39,851036;25815900
21/01/19;54,849998;55,349998;54,389999;55,279999;40,229458;10676600
22/01/19;54,48;55,080002;54,349998;55,080002;40,083912;17154300
23/01/19;55,459999;55,900002;55,330002;55,650002;40,498726;13470400
24/01/19;55,799999;56,200001;55,5;56,150002;40,862595;14118200
28/01/19;45;45;42,360001;42,360001;30,827061;183534500
29/01/19;43,27;44,689999;42,599998;42,740002;31,103601;68335900
30/01/19;46,25;46,799999;44,98;46,599998;33,912674;67892500
31/01/19;46,990002;47,439999;45,5;45,5;33,11216;39814600
01/02/19;45,720001;46,330002;45,580002;46,25;33,65797;21286700
04/02/19;46;46,099998;44,049999;44,68;32,515419;35888900
05/02/19;44,450001;45,209999;43,810001;44,52;32,398979;21992300
06/02/19;44;44,400002;42,459999;42,459999;30,899834;29257400
07/02/19;42,150002;42,790001;41,209999;41,59;30,266701;31403200
08/02/19;40,639999;43,59;40,509998;43,16;31,409252;48169600
11/02/19;43,860001;44,049999;41,889999;42,02;30,579628;30697300
12/02/19;42,5;44,330002;42,049999;44,299999;32,238873;36421200
13/02/19;44,310001;45,990002;44,299999;45,490002;33,104885;38153200
14/02/19;45,389999;45,939999;45,049999;45,66;33,228603;24055400
15/02/19;45,400002;46,02;45,189999;45,880001;33,388706;27877700
18/02/19;45,790001;46,150002;44,900002;45,25;32,930229;18777400
19/02/19;45,5;45,939999;45,23;45,490002;33,104885;20523500
20/02/19;45,900002;46,080002;44,939999;45,799999;33,330486;25493000
21/02/19;45,84;46,09;45,130001;45,380001;33,02483;21401300
22/02/19;45,700001;47,060001;45,57;46,990002;34,196499;17580700
25/02/19;47,349998;47,75;46,400002;47,119999;34,2911;16801500
26/02/19;46,790001;47,290001;46,599998;47,200001;34,349319;10362900
27/02/19;47,25;47,25;46,34;46,830002;34,080059;15004800
28/02/19;46,580002;47,099998;46,099998;47,099998;34,276546;17877800
01/03/19;47,290001;47,5;44,549999;46,740002;34,014561;29872100
06/03/19;47,43;48,049999;47,189999;48,049999;34,967899;15244200
07/03/19;47,830002;48,959999;47,720001;48,860001;35,557369;21112500
08/03/19;48,259998;48,889999;47,650002;48,849998;35,550091;25446000
11/03/19;48,900002;49,950001;48,610001;49,880001;36,299667;20201600
12/03/19;49,799999;50,330002;49,549999;49,970001;36,365166;15591300
13/03/19;49,939999;51;49,700001;50,700001;36,896412;21999200
14/03/19;50,799999;50,93;50,200001;50,709999;36,903687;17257400
15/03/19;50,799999;51,240002;50,400002;50,549999;36,787251;26054400
18/03/19;50,25;50,669998;49,830002;50,459999;36,721752;23021400
19/03/19;50,700001;52,389999;50,59;51,900002;37,769699;32034400
20/03/19;51,450001;51,68;50,400002;50,560001;36,794533;25667000
21/03/19;50,529999;51,470001;50,509998;50,889999;37,034679;19660000
22/03/19;50,470001;51,330002;49,700001;50,049999;36,423378;25714700
25/03/19;49,599998;50,310001;49,16;49,549999;36,059505;15897500
26/03/19;49,810001;50,700001;49,799999;50,279999;36,590755;13413800
27/03/19;50,049999;50,740002;49,310001;49,599998;36,095901;20805100
28/03/19;50,509998;50,599998;48,619999;49,299999;35,877575;28490000
29/03/19;49,950001;51,599998;49,950001;50,93;37,063789;25118100
01/04/19;52,349998;53,049999;52,099998;52,599998;38,279114;25392200
02/04/19;53,049999;53,299999;51,630001;51,630001;37,573208;21442400
03/04/19;52,779999;52,830002;51,610001;51,779999;37,682369;21477200
04/04/19;52;52,459999;51,619999;52,16;37,958908;14145700
05/04/19;52,200001;52,360001;51,700001;51,98;37,827915;8359200
08/04/19;52,5;53,389999;52,360001;53,389999;38,854034;14400900
09/04/19;53,18;53,299999;52,299999;52,349998;38,097183;14745400
10/04/19;52,740002;52,740002;51,52;51,759998;37,667816;15608000
11/04/19;51,5;51,860001;50,93;51,790001;37,689648;10274300
12/04/19;52,09;52,720001;51,310001;51,48;37,464046;16905900
15/04/19;51,59;51,720001;50,779999;51,330002;37,354885;15787300
16/04/19;51,27;53,16;50,84;53,099998;38,642982;18935600
17/04/19;53,16;53,799999;51,700001;52,25;38,024406;26483700
18/04/19;52,200001;52,970001;52,009998;52,580002;38,264565;10706000
22/04/19;51,950001;52;50,799999;51,299999;37,333054;16324700
23/04/19;51,59;51,919998;51,279999;51,919998;37,784252;9890800
24/04/19;51,549999;51,740002;50,16;50,360001;36,648979;19992800
25/04/19;50,23;50,43;49,380001;50,330002;36,627151;15916200
26/04/19;50,48;50,650002;49,52;50,419998;36,692642;10632700
29/04/19;50,939999;51,060001;50,119999;50,25;36,568924;8729200
30/04/19;50,220001;50,689999;49,759998;50,099998;36,459766;11371400
02/05/19;49,279999;49,279999;48,720001;48,939999;35,615585;15906200
03/05/19;49,450001;50,630001;49,389999;50,400002;36,678085;10614000
06/05/19;49,599998;49,75;49,09;49,66;36,139565;10437300
07/05/19;49,349998;49,700001;48,720001;49,700001;36,168671;15190600
08/05/19;49,82;50,139999;48,939999;49;35,659252;18474900
09/05/19;49;49,009998;48,049999;48,540001;35,324493;12456600
10/05/19;48,299999;49,799999;48,060001;49,459999;35,994015;25272300
13/05/19;48,529999;48,75;47,43;47,43;34,516701;18657700
14/05/19;48,18;48,349998;47,349998;47,59;34,633137;14183900
15/05/19;47,150002;48,450001;47,02;47,950001;34,895123;18447400
16/05/19;48,549999;48,93;45,82;46,400002;33,767128;49247900
17/05/19;46,400002;47,720001;46,299999;47,720001;34,727745;34079700
20/05/19;47,619999;47,740002;46,630001;46,75;34,021839;23909600
21/05/19;47,099998;47,959999;46,09;47,41;34,502144;32381300
22/05/19;47,779999;48,689999;47,369999;47,459999;34,538528;21087400
23/05/19;47,07;47,900002;46,419998;47,82;34,800514;15786300
24/05/19;48,639999;49,43;48,310001;48,310001;35,157112;24936500
27/05/19;49;50,25;48,900002;50,189999;36,525265;17281600
28/05/19;49,950001;50,950001;49,849998;50,25;36,568924;37041000
29/05/19;49,52;49,849998;49,150002;49,700001;36,168671;17842500
30/05/19;49,709999;50,130001;49,439999;50,009998;36,394272;12877800
31/05/19;49,509998;51;48,709999;49;35,659252;28857900
03/06/19;49,349998;49,599998;48,439999;48,830002;35,535538;22451600
04/06/19;49,18;49,349998;48,299999;49,110001;35,739304;19537300
05/06/19;49,279999;49,43;47,860001;48,389999;35,215332;14392200
06/06/19;48,889999;48,939999;48,310001;48,799999;35,513702;10869100
07/06/19;49,049999;49,099998;48,360001;48,66;35,411823;11626500
10/06/19;48,950001;49,23;48,330002;48,34;35,17894;11670100
11/06/19;49,759998;51,48;49,66;51,43;37,427662;44669000
12/06/19;51,549999;52,09;50,93;51,490002;37,471321;24531300
13/06/19;51,900002;52,25;51,59;51,849998;37,733311;18058600
14/06/19;51,700001;51,82;51,150002;51,400002;37,405827;20375200
17/06/19;51;51,330002;50,200001;50,200001;36,532543;20551200
18/06/19;51;52,419998;51;52;37,842472;27229300
19/06/19;53;53,099998;51,830002;52,299999;38,060795;23746400
21/06/19;52,75;52,93;52,099998;52,439999;38,162682;20492800
24/06/19;52,48;52,48;52,099998;52,400002;38,133572;9338300
25/06/19;52,189999;52,470001;51,34;51,380001;37,391273;12449700
26/06/19;51,5;52,040001;51,369999;51,580002;37,536819;13277900
27/06/19;52,150002;52,150002;51,52;51,700001;37,624153;14941500
28/06/19;52,07;52,200001;51,689999;51,82;37,711479;11106100
01/07/19;53,099998;53,790001;53,099998;53,650002;39,043243;22807300
02/07/19;54,099998;54,16;50,02;51,389999;37,398548;48452700
03/07/19;51,77;51,970001;51,150002;51,290001;37,325771;19929700
04/07/19;51,68;52,099998;51,150002;51,669998;37,602318;16192600
05/07/19;50,400002;50,580002;49,759998;50,360001;36,648979;27847600
08/07/19;50,650002;51,599998;50,459999;50,950001;37,078346;12777600
10/07/19;51,610001;52,560001;51,400002;52,130001;37,937077;28106700
11/07/19;51,869999;52,5;51,720001;52,049999;37,87886;18567500
12/07/19;52,459999;52,779999;51,73;51,810001;37,704205;22248600
15/07/19;52,459999;52,93;52,25;52,689999;38,344612;20144200
16/07/19;53,200001;53,470001;52,790001;53,049999;38,606598;17393700
17/07/19;52,990002;53,119999;52,459999;52,689999;38,344612;13876700
18/07/19;52,610001;52,82;52,23;52,59;38,271839;12217200
19/07/19;52,810001;53,23;52,549999;52,720001;38,366444;11523100
22/07/19;52,18;52,66;51,810001;52,450001;38,16996;11348100
23/07/19;52,400002;52,599998;51,759998;51,759998;37,667816;11146800
24/07/19;51,09;51,259998;50,549999;50,650002;36,860027;25121800
25/07/19;51;51,119999;50,099998;50,490002;36,743587;12761900
26/07/19;51;51,049999;50,18;50,23;36,554375;12604500
29/07/19;50,299999;50,599998;49,799999;50,259998;36,576202;8462200
30/07/19;50,169998;50,580002;50,009998;50,009998;36,394272;10182500
31/07/19;50,380001;50,549999;49,220001;49,810001;36,248718;23244900
01/08/19;49,240002;49,34;48,25;48,400002;35,22261;45701400
02/08/19;48,200001;48,290001;47,41;47,84;34,815075;19834300
05/08/19;46,599998;46,599998;45,759998;46;33,476032;36490300
06/08/19;46,459999;46,970001;46,290001;46,619999;33,927235;21913400
07/08/19;45,849998;46,48;45,450001;46,48;33,825352;20828200
08/08/19;47,299999;47,490002;46,919998;47,18;34,334766;24237600
09/08/19;46,700001;46,810001;45,490002;45,490002;33,104885;24707500
12/08/19;45,150002;45,990002;45,029999;45,16;32,864731;16409000
13/08/19;45,549999;46,799999;45,349998;46,5;33,839905;19989100
14/08/19;45,98;45,98;44,73;44,880001;32,660961;24950100
15/08/19;45,009998;45,5;43,169998;43,889999;31,940502;24570500
16/08/19;44,450001;44,700001;43,48;43,689999;31,794952;19541100
19/08/19;44,290001;44,43;43,209999;43,650002;31,765841;27533700
20/08/19;43,509998;44,490002;42,900002;43,84;31,904116;16865100
21/08/19;43,599998;44,330002;43,07;44,150002;32,129715;16171800
22/08/19;44,380001;44,380001;43,549999;43,889999;31,940502;12254400
23/08/19;43,830002;44,59;42,900002;43,279999;31,49658;26087800
26/08/19;43,490002;43,650002;42,540001;42,799999;31,147264;13270500
27/08/19;43,150002;43,91;42,439999;43,32;31,52569;27809400
28/08/19;43,310001;44,169998;43,040001;43,48;31,64213;13467000
29/08/19;44,110001;45,25;43,959999;45,099998;32,821068;23487000
30/08/19;45,990002;46,330002;45,27;45,57;33,163105;27305700
02/09/19;46,549999;46,669998;45,849998;46,009998;33,483311;12757600
03/09/19;46;46,049999;45,34;45,52;33,126713;13227000
04/09/19;46,049999;46,52;45,970001;46,52;33,854458;12439100
05/09/19;46,950001;47,189999;46,52;46,52;33,854458;20284900
06/09/19;46,450001;46,689999;46,09;46,450001;33,80352;10419000
09/09/19;46,700001;47,889999;46,290001;47,889999;34,851463;24430000
10/09/19;47,880001;48,5;47,200001;48,240002;35,106174;21440800
11/09/19;48,599998;48,599998;47,580002;47,950001;34,895123;16872500
12/09/19;48,619999;49,77;48,599998;49,689999;36,161392;39340500
13/09/19;49,959999;50,299999;49,66;49,790001;36,234169;22067600
16/09/19;49,400002;49,439999;48,349998;48,59;35,360882;26369500
17/09/19;48,25;49,150002;48,23;48,900002;35,586479;14473900
18/09/19;49;49;47,98;48,400002;35,22261;15335300
19/09/19;48,400002;48,580002;47,759998;48,32;35,164383;15680000
20/09/19;48,66;48,740002;48;48,419998;35,237164;23870900
23/09/19;48,189999;48,580002;47,959999;48,099998;35,004288;11946300
24/09/19;47,709999;47,880001;46,779999;46,93;34,152828;15322500
25/09/19;47,029999;48,02;46,830002;47,860001;34,829632;14554600
26/09/19;48,099998;48,279999;47,529999;47,860001;34,829632;12257300
27/09/19;48,150002;48,349998;47,27;47,66;34,684082;13450600
30/09/19;47,650002;48,040001;47,209999;47,75;34,74958;12116600
01/10/19;47,849998;48,880001;47,66;47,709999;34,72047;16083800
02/10/19;46,900002;46,900002;45,099998;45,099998;32,821068;24637800
03/10/19;45,32;45,810001;44,220001;45,439999;33,068497;24569900
04/10/19;45,700001;46,790001;45,68;46,59;33,905396;21339100
07/10/19;46,299999;46,98;46,040001;46,040001;33,505146;12531500
08/10/19;46,299999;46,369999;45,32;45,32;32,981171;14671300
09/10/19;45,669998;46,040001;45,330002;45,669998;33,235878;9509400
10/10/19;46,060001;47,450001;46,060001;47,240002;34,378433;15441700
11/10/19;48,029999;48,919998;48;48,639999;35,397263;24527700
14/10/19;48,200001;48,25;47,560001;47,990002;34,924236;11520400
15/10/19;47,880001;48,290001;47,529999;47,91;34,866013;14669700
16/10/19;47,389999;47,52;46,639999;46,799999;34,058228;24417100
17/10/19;46,990002;47,049999;46,610001;46,709999;33,992725;14158400
18/10/19;46,889999;47,18;46,02;46,029999;33,497868;16452100
21/10/19;46,419998;47,209999;46,259998;47,209999;34,356598;13486800
22/10/19;47,279999;47,540001;47,099998;47,299999;34,422092;15194800
23/10/19;47,599998;47,830002;47,029999;47,110001;34,283825;12362800
24/10/19;47,459999;47,57;46,52;46,75;34,021839;14646600
25/10/19;47,75;48,560001;47,549999;48,560001;35,33905;21754000
28/10/19;48,650002;48,799999;48,34;48,700001;35,440929;10932200
29/10/19;48,41;48,799999;48,080002;48,650002;35,404549;10091200
30/10/19;48,400002;48,619999;47,689999;48,59;35,360882;15325200
31/10/19;48,099998;48,48;46,860001;47,200001;34,349319;21765000
01/11/19;47,799999;48,700001;47,759998;48,439999;35,251717;20151300
04/11/19;49,080002;49,82;49,080002;49,82;36,256001;20980000
05/11/19;50,07;50,279999;49,43;49,869999;36,292385;15951200
06/11/19;49,900002;49,970001;48,900002;49,689999;36,161392;14879300
07/11/19;49,84;50,529999;49,540001;50,110001;36,467045;26788900
08/11/19;49,330002;49,549999;48,810001;49,18;35,790241;19854000
11/11/19;48,439999;48,439999;47,959999;48,130001;35,026123;20385800
12/11/19;48,299999;48,490002;47,900002;47,900002;34,858738;13130500
13/11/19;47,650002;48,060001;46,970001;47,119999;34,2911;16882100
14/11/19;47,349998;47,580002;46,959999;47;34,203773;14155900
18/11/19;47,720001;48,049999;47,48;47,610001;34,647697;16777800
19/11/19;48,110001;48,490002;47,720001;48,169998;35,055225;13108100
21/11/19;47,759998;48,419998;47,700001;48,419998;35,237164;15624200
22/11/19;48,549999;50,029999;48,549999;50,029999;36,408821;27680500
25/11/19;50,540001;51,18;50,43;50,860001;37,012856;24507100
26/11/19;50,599998;51,5;50,459999;51,220001;37,274837;32446500
27/11/19;50,93;51,200001;50,130001;50,580002;36,809082;13507600
28/11/19;50,560001;50,880001;49,689999;50,369999;36,656254;10145300
29/11/19;50,369999;50,470001;49,82;49,98;36,37244;10290800
02/12/19;50,150002;51,689999;50,110001;51,34;37,362164;23952200
03/12/19;51,25;51,259998;50,25;50,419998;36,692642;13479700
04/12/19;50,830002;51,029999;50,529999;50,919998;37,056511;9105800
05/12/19;50,700001;51,080002;50,549999;50,950001;37,078346;9503500
06/12/19;51,25;51,689999;51,029999;51,349998;37,369438;13892600
09/12/19;52,25;52,490002;51,330002;51,439999;37,434937;19388300
10/12/19;51,220001;51,43;50,900002;51,200001;37,260281;13878600
11/12/19;51,380001;52,049999;51,220001;51,830002;37,718758;15572100
12/12/19;52,099998;53,060001;51,73;52,950001;38,533829;25140900
13/12/19;53,299999;54;52,84;53,759998;39,123295;28172500
16/12/19;54,5;54,669998;53,34;53,34;38,817642;21806800
17/12/19;53,25;53,709999;53,049999;53,419998;38,875862;13570300
18/12/19;53,279999;53,540001;52,599998;53,470001;38,912251;22924500
19/12/19;53,5;54,240002;53,220001;54;39,297951;17683200
20/12/19;54,77;54,990002;54,150002;54,790001;39,872871;42124200
23/12/19;54,900002;54,98;54,400002;54,580002;39,720039;10225700
26/12/19;54,810001;55;54,509998;54,790001;39,872871;20410000
27/12/19;53,990002;54;53,419998;53,599998;40,04047;13920400
30/12/19;53,650002;53,860001;53,200001;53,299999;39,816364;11928100
02/01/20;53,98;54,439999;53,75;54,330002;40,5858;17509700
03/01/20;53,68;54,5;53,580002;53,93;40,286991;17284800
06/01/20;53,799999;53,799999;53,150002;53,610001;40,047947;32787800
07/01/20;53,5;54,189999;53,400002;54;40,339283;16326400
08/01/20;54,200001;54,369999;53,619999;54,009998;40,346752;15298500
09/01/20;53,75;53,869999;53,049999;53,299999;39,816364;14638000
10/01/20;53,75;53,869999;53,110001;53,360001;39,861187;9129200
13/01/20;53,639999;55,639999;53,509998;55,299999;41,31041;27497400
14/01/20;55,299999;56,349998;55;55,639999;41,564404;27817000
15/01/20;55,299999;56,080002;55,110001;55,459999;41,429932;21425300
16/01/20;55,599998;55,950001;55,099998;55,169998;41,213295;13149100
17/01/20;56,25;57,09;56,099998;57;42,580357;36524100
20/01/20;57;57,360001;56,529999;57,360001;42,849285;16746300
21/01/20;56,799999;57,009998;55,740002;56,029999;41,855736;25436800
22/01/20;56,599998;56,849998;56,060001;56,299999;42,057434;17269400
23/01/20;55,43;55,73;54,709999;55,5;41,45982;23028900
24/01/20;55,619999;55,73;53,689999;53,799999;40,189877;19744800
27/01/20;51,66;51,82;50,48;50,509998;37,73217;38779700
28/01/20;51,200001;52,09;51,080002;51,200001;38,247616;23046400
29/01/20;51,700001;51,889999;50,459999;50,75;37,911453;23323000
30/01/20;49,970001;51,5;49,799999;51,5;38,471725;23083200
31/01/20;50,959999;51,060001;49,799999;50,27;37,552879;29988200
03/02/20;50,5;51,09;49,799999;50,91;38,030975;18858200
04/02/20;52,200001;52,580002;51,970001;52,27;39,046928;21559200
05/02/20;53,32;53,619999;52,990002;52,990002;39,584785;26797700
06/02/20;53,66;53,919998;52,82;53,279999;39,801422;22155800
07/02/20;52,880001;52,959999;51,919998;52,099998;38,919933;14450900
10/02/20;51,900002;51,900002;49,919998;50,189999;37,493122;28244800
11/02/20;51,150002;52,200001;51,02;52,049999;38,882587;27560600
12/02/20;53,099998;53,380001;52,830002;53,07;39,644554;28539800
13/02/20;52,220001;52,400002;51,560001;52,139999;38,949818;20105600
14/02/20;52,209999;52,279999;50,950001;51;38,098209;19896200
17/02/20;51,709999;53,41;51,619999;53,41;39,898537;28134200
18/02/20;52,549999;53,049999;52,119999;52,799999;39,442852;18054400
19/02/20;52,93;53,119999;52,400002;52,810001;39,450325;14439700
20/02/20;53,27;53,490002;52,060001;52,200001;38,99464;18818800
21/02/20;51;51,139999;49,799999;50,130001;37,448299;32249900
26/02/20;46,66;46,84;45,060001;45,349998;33,877525;46923300
27/02/20;44,650002;45,540001;43,560001;44,470001;33,22015;42419000
28/02/20;43,990002;44,310001;43,200001;44,310001;33,10062;33228600
02/03/20;44,880001;47,09;44,810001;46,360001;34,632019;48372500
03/03/20;46,740002;49,09;46,07;46,349998;34,62455;52401800
04/03/20;48;49,09;47;48,57;36,282944;31476600
05/03/20;47,66;47,950001;45,950001;46,849998;34,998062;29092300
06/03/20;44,200001;45,82;43,650002;44,610001;33,32473;39718600
09/03/20;40,450001;41,540001;37,810001;37,830002;28,259911;59037000
10/03/20;41,900002;45,34;40,799999;44,810001;33,474136;63269800
11/03/20;43,009998;44,290001;39;40,740002;30,433746;50025000
12/03/20;36;36;32,450001;35,349998;26,407288;62222000
13/03/20;42;44,029999;37;42,900002;32,047318;67635900
16/03/20;36,009998;41,400002;36,009998;39,040001;29,163807;59078300
17/03/20;40,5;43,57;39,110001;41,509998;31,008949;52743800
18/03/20;38,799999;40,869999;35,700001;38,650002;28,872471;59689100
19/03/20;37,5;39;35,259998;36,400002;27,191664;52645400
20/03/20;37,900002;39,41;34,709999;35,189999;26,287766;50479900
23/03/20;35,549999;35,860001;33,369999;34,099998;25,473507;41958300
24/03/20;36,860001;38,650002;36,860001;37,639999;28,117977;37044800
25/03/20;38,189999;41,349998;38,09;40,849998;30,515917;38064400
26/03/20;41,009998;42,41;39,990002;42;31,374998;36253000
27/03/20;39,299999;41,439999;39,200001;40,099998;29,955652;32331200
30/03/20;40,919998;42,32;40,740002;41,77;31,203188;31298300
31/03/20;42,299999;44,490002;42,220001;43,220001;32,286369;39238000
01/04/20;41,810001;44,119999;41,200001;43,369999;32,398418;37092100
02/04/20;43,950001;44,57;41,919998;42,779999;31,957672;34372600
03/04/20;42,799999;42,869999;39,759998;40,5;30,254463;31650000
06/04/20;42,599998;43,389999;41,970001;43,130001;32,219135;32019300
07/04/20;45,189999;45,5;43,560001;43,779999;32,704697;34191900
08/04/20;43,5;44,25;43,049999;43,509998;32,503002;29464500
09/04/20;43,950001;44,470001;42,84;43,279999;32,331184;29827800
13/04/20;43,200001;44,57;42,98;44,57;33,294849;22066800
14/04/20;45,619999;46;44,5;44,529999;33,264969;24713600
15/04/20;43,5;43,900002;42,610001;43,189999;32,263958;28808700
16/04/20;43,799999;43,990002;42,040001;42,759998;31,942732;24442900
17/04/20;43,900002;44,23;43,220001;44;32,869041;23604600
20/04/20;43,259998;43,259998;42,23;42,459999;31,718624;29050700
22/04/20;42,599998;43,240002;42,049999;42,900002;32,047318;22693600
23/04/20;43,290001;44,689999;42,810001;43,509998;32,503002;27171100
24/04/20;43,369999;44,200001;41,830002;43,759998;32,689762;55165900
27/04/20;44,459999;45,049999;43,860001;44,549999;33,279907;25580600
28/04/20;45,200001;45,290001;43,48;44,610001;33,32473;25680000
29/04/20;45,349998;47,380001;44,84;46,73;34,908421;33207500
30/04/20;45,709999;46,169998;44,759998;44,860001;33,511482;25720300
04/05/20;43,700001;44,330002;43,400002;43,93;32,816753;16994300
05/05/20;44,450001;45,029999;43,700001;43,700001;32,644943;19070600
06/05/20;44,189999;44,759998;43,610001;44,330002;33,115566;26602700
07/05/20;45,630001;46,98;45,450001;46,049999;34,40044;42194300
08/05/20;47,5;48,959999;46,970001;48,849998;36,492107;33922800
11/05/20;48,209999;49,25;47,73;47,73;35,655445;24783100
12/05/20;48,43;48,599998;47,459999;47,459999;35,453743;21806900
13/05/20;48,169998;49,18;47,66;48,540001;36,260529;34159500
14/05/20;47,950001;48,459999;46,939999;48,09;35,92437;35513400
15/05/20;48,689999;49,299999;48,049999;48,049999;35,894489;35196100
18/05/20;50,34;51,599998;49,950001;51,259998;38,292431;41936200
19/05/20;51,299999;52,709999;51,09;52,299999;39,069344;27704400
20/05/20;53,369999;53,669998;52,5;52,5;39,218746;27014500
21/05/20;52,290001;52,66;50,369999;51,130001;38,195324;41802300
22/05/20;50,77;51,099998;49,900002;50,27;37,552879;23933600
25/05/20;51,41;51,68;49,919998;50,099998;37,425892;21162000
26/05/20;50,380001;50,52;48,84;49,200001;36,753571;28917800
27/05/20;49,84;50,830002;48,779999;50,639999;37,829285;31932100
28/05/20;51;51,650002;50,049999;50,09;37,418419;23530900
29/05/20;51,400002;53;51,060001;53;39,592255;92646300
01/06/20;52,82;53,849998;52,5;53,419998;39,90601;27152300
02/06/20;53,799999;53,799999;53;53,419998;39,90601;25602700
03/06/20;53,900002;54,34;53,380001;53,66;40,085293;31584300
04/06/20;53,720001;55,700001;53,52;55,66;41,579346;37638600
05/06/20;56,389999;56,700001;54,34;54,610001;40,794964;39799100
08/06/20;54,98;55,650002;53,98;54,779999;40,921963;27456500
09/06/20;54,16;54,990002;54,119999;54,990002;41,078835;19860000
10/06/20;54,91;55,200001;53,759998;54,200001;40,488689;24321300
12/06/20;53,709999;54,049999;51,98;53,400002;39,891068;31223700
15/06/20;52,5;54,43;52,130001;53,880001;40,249638;27425600
16/06/20;55,490002;55,5;54,220001;55,389999;41,377644;29329400
17/06/20;55,490002;56,439999;55,150002;56,200001;41,982738;27840000
18/06/20;56,299999;56,540001;55,610001;56,169998;41,96032;25770000
19/06/20;56,330002;56,599998;54,709999;55,169998;41,213295;38079900
22/06/20;55;55,349998;54,43;55;41,086308;14891400
23/06/20;55,529999;56,560001;55,369999;55,59;41,527046;18272700
24/06/20;56,25;56,259998;54,82;55,389999;41,377644;18156600
25/06/20;55,5;56,150002;54,869999;56;41,833328;17051900
26/06/20;55,900002;56,950001;55,209999;55,619999;41,549458;21655500
29/06/20;55,439999;55,91;54,84;55,630001;41,556934;15453400
30/06/20;55,439999;56,540001;55,009998;55,919998;41,773567;27462900
01/07/20;56,080002;56,080002;54,049999;54,540001;40,742676;28999400
02/07/20;54,849998;55,740002;54,75;55,490002;41,452347;24148500
03/07/20;55,200001;55,700001;54,93;55,259998;41,280529;7831800
06/07/20;56,09;56,740002;55,59;56,57;42,259132;23609900
07/07/20;56,740002;56,98;56,099998;56,369999;42,109726;13598400
08/07/20;56,900002;57,720001;55,790001;57,32;42,819397;32634600
09/07/20;57,52;57,68;56,060001;56,419998;42,147079;19741600
10/07/20;56,52;57,299999;56,16;56,970001;42,557949;14728100
13/07/20;57,73;59,220001;57,650002;57,650002;43,065922;28780200
14/07/20;57,919998;61,970001;57,900002;61,700001;46,091366;52234500
15/07/20;62,299999;62,93;60,389999;61,790001;46,1586;29833100
16/07/20;61,299999;61,689999;59,849998;60,119999;44,911064;22788400
17/07/20;60,5;61,25;60,32;61,040001;45,598331;18896400
20/07/20;61,119999;61,490002;60,349998;60,799999;45,419041;16491500
21/07/20;60,439999;60,48;59,27;59,700001;44,597324;29043600
22/07/20;59,93;60,25;58,799999;59,240002;44,253689;19644700
23/07/20;59,900002;60,16;58,639999;58,849998;43,962341;17291900
24/07/20;58,57;58,849998;57,82;58,599998;43,775593;22544100
27/07/20;59,099998;61,630001;58,98;61,369999;45,844845;35124800
28/07/20;60,700001;61,16;60,200001;60,34;45,075413;21707500
29/07/20;61,209999;62,950001;60,849998;62,950001;47,025146;29486600
30/07/20;62,299999;62,369999;60,650002;61,27;45,770145;32210700
31/07/20;61,099998;62,209999;60,5;60,709999;45,35181;26318800
03/08/20;61,860001;62,669998;60,259998;60,259998;45,015648;35910500
04/08/20;60,259998;60,84;59,360001;60,700001;45,344341;182535800
05/08/20;61,900002;62,900002;61,849998;62,189999;46,457409;36999600
06/08/20;62,619999;62,880001;61,279999;61,830002;46,18848;22468400
07/08/20;61,389999;61,389999;59,779999;60,450001;45,157585;28427400
10/08/20;60,700001;62,200001;60,41;62,200001;46,464882;29341400
11/08/20;62,790001;62,82;60,16;60,279999;45,03059;23822800
12/08/20;60,880001;62,290001;60,580002;61,5;45,941959;29627900
13/08/20;61,400002;62,16;60,110001;60,349998;45,082878;24906200
14/08/20;60,349998;61,43;60,299999;61,349998;45,829903;17848800
17/08/20;61,779999;62,599998;61,150002;62,23;46,487286;42786400
18/08/20;63,299999;63,700001;62,849998;63,060001;47,107319;32205700
19/08/20;63,41;63,880001;62,330002;62,389999;46,606812;23537900
20/08/20;61,82;63,5;61,669998;62,950001;47,025146;25866600
21/08/20;62,41;62,790001;61,509998;62,200001;46,464882;27242700
24/08/20;62,939999;63,130001;62,240002;62,959999;47,032616;17944700
25/08/20;62,799999;62,84;61,049999;61,619999;46,031601;23543000
26/08/20;61,66;62,349998;61,240002;61,75;46,128712;23924400
27/08/20;61,689999;62,18;60,330002;60,790001;45,411575;18201900
28/08/20;61,18;61,700001;60,630001;61,099998;45,64315;15040300
31/08/20;61,099998;61,150002;59,68;59,68;44,582378;31080000
01/09/20;60,290001;61,790001;60,200001;61,759998;46,136181;24197700
02/09/20;61,900002;62,34;60,32;61,32;45,807499;21797200
03/09/20;60;60,549999;58,849998;59,32;44,313454;36117400
04/09/20;59,709999;60,5;58,700001;60,490002;45,187466;26636700
08/09/20;59,59;59,759998;58,91;59,27;44,276096;14663800
09/09/20;59,900002;60,330002;59,369999;60;44,821423;16481700
10/09/20;60;60,200001;58,32;58,529999;43,723297;19431400
11/09/20;60,049999;62,299999;59,84;61,950001;46,278118;46057000
14/09/20;62,799999;63,349998;61,380001;61,91;46,248241;35710200
15/09/20;62,709999;63,650002;62,150002;62,599998;46,763691;32570600
16/09/20;62,32;62,5;60,650002;60,970001;45,54604;28843500
17/09/20;60,400002;62,419998;60,110001;62,080002;46,375233;31397500
18/09/20;62,48;63,099998;61,66;61,66;46,061481;33143800
21/09/20;61,049999;61,389999;59,439999;60;44,821423;53120800
22/09/20;58,139999;58,279999;57,150002;57,810001;44,990704;23996200
23/09/20;57,669998;59,610001;57,060001;59,099998;45,994648;37365600
24/09/20;59,689999;59,779999;58,439999;58,66;45,652214;31607500
25/09/20;58,349998;59,450001;58,200001;59,25;46,111382;27582200
28/09/20;59,939999;60,240002;58,700001;58,779999;45,745605;30265400
29/09/20;58,73;59,959999;58,349998;58,349998;45,410961;26201600
30/09/20;59,209999;60,27;58,75;59,110001;46,00243;25947500
01/10/20;59,529999;59,849998;58,02;58,860001;45,807869;22852700
02/10/20;58,610001;59,439999;58,110001;58,32;45,387615;23668800
05/10/20;58,900002;59,84;58,75;59,59;46,375992;17887200
06/10/20;60,009998;60,279999;58,209999;58,619999;45,621086;21951600
07/10/20;59,139999;60,759998;58,959999;60,169998;46,827381;27276500
08/10/20;60,349998;61,490002;60,060001;61,290001;47,69902;22207400
09/10/20;61,689999;61,939999;60,849998;61,599998;47,940273;21120900
13/10/20;61,27;62,639999;61,029999;62,139999;48,360531;18602200
14/10/20;62,080002;63,290001;62,040001;63;49,029827;22210600
15/10/20;62,41;62,860001;61,98;62,470001;48,617355;16309700
16/10/20;62,700001;63,099998;62,240002;62,240002;48,438354;15871000
19/10/20;62,73;63,18;61,950001;61,950001;48,212662;29156200
20/10/20;61,779999;62,290001;61,330002;61,84;48,127056;25276800
21/10/20;61,650002;63,209999;61,599998;62,849998;48,913086;21480900
22/10/20;63,110001;63,490002;62,439999;63,099998;49,107651;32097700
23/10/20;62,619999;63,889999;62,220001;63,450001;49,380043;24263400
26/10/20;62,900002;63,450001;62,009998;62,5;48,640701;18250900
27/10/20;62,5;62,900002;62,060001;62,529999;48,664043;18155500
28/10/20;61,950001;62,07;60,25;60,259998;46,897415;23686100
29/10/20;60,970001;62,240002;59,790001;62,02;48,267143;37998800
30/10/20;61,799999;62,41;60,009998;60,549999;47,123112;27476200
03/11/20;61,900002;63,34;61,220001;63,34;49,294434;32900800
04/11/20;63,279999;63,279999;61,450001;61,580002;47,924713;27932100
05/11/20;62,299999;63,060001;61,450001;62,549999;48,679615;25563600
06/11/20;62,380001;63,959999;62,34;63,189999;49,177689;26452500
09/11/20;64,150002;64,269997;62,869999;63,189999;49,177689;37728900
10/11/20;63,240002;63,59;62,689999;63,16;49,154346;53960600
11/11/20;63,18;63,919998;63;63,599998;49,496773;25908500
12/11/20;63,57;63,77;62,459999;62,669998;48,773006;23726500
13/11/20;62,73;63,549999;62,610001;63,25;49,224392;25079300
16/11/20;63,5;65,339996;62,970001;64,919998;50,524063;91477900
17/11/20;64,800003;68,099998;64,800003;66,970001;52,119484;62475900
18/11/20;66,989998;67,389999;66,07;66,449997;51,714794;22854400
19/11/20;66,709999;67,720001;66,470001;67,720001;52,703175;25928500
23/11/20;68,809998;71,32;68,5;71,290001;55,481529;38662400
24/11/20;71,050003;74,889999;70,18;74,800003;58,213196;49842200
25/11/20;73,800003;75,900002;73,610001;75,5;58,757973;36269100
26/11/20;75,419998;76,599998;75,400002;76,57;59,590698;20359000
27/11/20;77;78,779999;76,769997;78,440002;61,046028;48966700
30/11/20;78,849998;79,360001;77,120003;78;60,703602;48594200
01/12/20;79,830002;81,5;79,25;81,25;63,232918;61441200
02/12/20;80,900002;81,25;77,309998;79,839996;62,135578;53703300
03/12/20;81;81,050003;78,610001;78,959999;61,450714;35158600
04/12/20;80,099998;82,68;80,099998;81,980003;63,801041;48656900
07/12/20;82,419998;82,989998;81,669998;82,949997;64,555946;27398500
08/12/20;82,970001;83,300003;81,660004;82,900002;64,517029;28598800
09/12/20;83,099998;83,830002;82,220001;82,699997;64,361366;26938500
10/12/20;83,650002;85,220001;83,199997;85;66,151352;41230700
11/12/20;84,620003;85,279999;84,400002;84,860001;66,042397;25136800
14/12/20;85,199997;85,220001;82,949997;83,550003;65,022888;20931700
15/12/20;83,550003;85,379997;83,550003;84,5;65,762238;18762800
16/12/20;84,900002;86,230003;84,360001;86,220001;67,100822;23038300
17/12/20;86,5;87,949997;86,169998;87,199997;67,86351;21367800
18/12/20;87,620003;88,379997;87,43;87,800003;68,33046;23843100
21/12/20;86,150002;87,400002;84,779999;86,860001;67,5989;31877300
22/12/20;86,860001;86,989998;85,43;86,940002;67,661163;23157000
23/12/20;86,529999;87,529999;86,400002;87,360001;67,988029;17710200
28/12/20;87,790001;88,580002;87,080002;87,309998;67,949112;26001300
29/12/20;87,970001;88,199997;86,510002;87,07;67,762329;19727500
30/12/20;87,190002;87,589996;86,650002;87,449997;68,05806;30102700
04/01/21;89,349998;91,480003;88,849998;91,459999;71,178856;37865500
05/01/21;91,459999;93;90,519997;93;72,377365;34300300
06/01/21;94,980003;96,349998;94,400002;96,050003;74,751038;53722500
07/01/21;96,610001;102,529999;96,610001;102,32;79,630661;74541400
08/01/21;103,010002;103,349998;98,199997;102;79,381622;58562700
11/01/21;100,25;101,980003;99,699997;101,980003;79,366066;29267000
12/01/21;102,5;102,620003;99,18;99,190002;77,19474;28598500
13/01/21;98,870003;98,919998;95,739998;96,220001;74,883339;31658800
14/01/21;97,220001;98,860001;96,699997;97,800003;76,112968;20809900
15/01/21;96,580002;97,199997;93,199997;93,550003;72,805405;31712400
18/01/21;93,900002;95,639999;93,550003;94,309998;73,396873;22667600
19/01/21;94,5;94,57;91,900002;94,059998;73,202309;27155400
20/01/21;95;95,139999;90,830002;92,32;71,84816;20480000
21/01/21;92,300003;96,099998;92,139999;93,360001;72,657532;25983400
22/01/21;91,989998;93,809998;90,989998;93,169998;72,509674;25814300
26/01/21;92,989998;94,160004;91,360001;91,75;71,404549;24921600
27/01/21;90,389999;91,18;88,199997;89,199997;69,419998;32419700
28/01/21;88,199997;91,349998;88,099998;91,099998;70,898682;35900800
29/01/21;89,989998;90,849998;87,790001;87,949997;68,447197;31481600
01/02/21;90,010002;91,269997;88,580002;91,269997;71,030998;27135500
02/02/21;90,18;90,580002;87,510002;87,660004;68,221504;34426700
03/02/21;88,849998;91,419998;88,599998;90,43;70,377258;34346400
04/02/21;91,949997;92,870003;89,089996;89,290001;69,490059;29939700
05/02/21;90,199997;92,769997;89,550003;92,690002;72,136101;27114800
08/02/21;92,970001;94,910004;92,449997;94,010002;73,163399;28164400
09/02/21;94,599998;95,220001;92,32;94,25;73,350182;32303400
10/02/21;94,660004;95,669998;94,379997;94,699997;73,700394;40318300
11/02/21;95,470001;95,470001;93,099998;93,099998;72,455185;19775900
12/02/21;93,120003;94,139999;92,199997;93,889999;73,070007;14760700
17/02/21;96,010002;96,720001;95,190002;96,349998;74,984497;29262900
18/02/21;97,360001;98,400002;96,019997;97,400002;75,801666;33088500
19/02/21;97,209999;98,849998;96,330002;97,769997;76,089622;24966600
22/02/21;96,5;98,519997;94,040001;95,349998;74,206253;50160600
23/02/21;96,589996;97,349998;93,32;96,949997;75,451462;35756200
24/02/21;97,129997;98,209999;95,860001;97,93;76,214142;21856100
25/02/21;98,699997;98,949997;95,019997;95,709999;74,48642;24471000
26/02/21;96,550003;97,699997;94,019997;94,519997;73,56031;42856000
01/03/21;96;99,330002;95,360001;98,57;76,712219;32798000
02/03/21;97,5;102,18;94,940002;101,599998;79,07032;47565800
03/03/21;102;104;99,650002;100,349998;78,097504;41473300
04/03/21;99,400002;101,489998;97,519997;98,860001;76,937912;48492500
05/03/21;94,720001;100,599998;93,93;100,209999;81,50193;46503300
08/03/21;99,199997;101,93;98,900002;99,669998;81,062744;39677300
09/03/21;97,5;99,309998;95,879997;98,669998;80,249428;40537000
10/03/21;97,5;97,839996;95,720001;97,150002;79,013199;31311800
11/03/21;98,989998;100,099998;98,209999;99,699997;81,087143;26203200
12/03/21;99;99,440002;96,709999;97,400002;79,216522;21115500
15/03/21;96,5;97,349998;95,760002;96,82;78,744804;20059000
16/03/21;97,040001;97,839996;96,019997;96,510002;78,492683;19174300
17/03/21;96,400002;98,120003;96,059998;97,900002;79,623177;21424300
18/03/21;97,699997;98,269997;95,529999;96,160004;78,208015;19156100
19/03/21;96,099998;96,160004;93,440002;94,779999;77,085648;38643000
22/03/21;93,519997;93,839996;91,849998;93,209999;75,808739;21120800
23/03/21;93,339996;93,779999;91,059998;91,059998;74,060135;20518500
24/03/21;92;94,639999;91,809998;93,150002;75,759949;24726000
25/03/21;93,040001;93,290001;90,610001;92,440002;75,182503;23644400
26/03/21;93,739998;95,730003;93,389999;95,529999;77,695625;26712800
29/03/21;96;98,449997;95,870003;97,980003;79,688248;25960500
30/03/21;97,910004;98,5;96,580002;97,07;78,948128;18118600
31/03/21;97,169998;98,559998;96,699997;97,970001;79,680122;18792000
01/04/21;98,5;98,860001;96,129997;97,389999;79,208389;17193400
05/04/21;99,830002;103,82;99,800003;103,389999;84,088264;35908700
06/04/21;103,800003;104,559998;102,050003;102,050003;82,998421;22227800
07/04/21;102,370003;105,32;102,150002;104,559998;85,039833;32822700
08/04/21;104,940002;105,300003;104,120003;104,5;84,991035;25936300
09/04/21;104;104,660004;102,940002;103;83,771072;18854800
12/04/21;102,900002;103,629997;102,209999;103,400002;84,096397;14787500
13/04/21;103,900002;104,290001;102,849998;103,580002;84,242798;17605600
14/04/21;103,970001;107,779999;103,769997;107;87,024307;38030200
15/04/21;108,660004;109,879997;107,550003;108,209999;88,008423;19378200
16/04/21;108,639999;109,110001;107,5;108,669998;88,382538;17401500
19/04/21;109;109,879997;107,639999;107,730003;87,618027;23297500
20/04/21;107,949997;108,349998;105,019997;106,160004;86,341133;20895800
22/04/21;107,239998;107,239998;104,339996;106,230003;86,398071;19799100
23/04/21;107,150002;108,099998;106,459999;107,989998;87,829483;12795400
26/04/21;109,949997;110,690002;108,150002;108,57;88,301216;16807500
27/04/21;108,879997;110,599998;108,519997;110,120003;89,561852;24113300
28/04/21;110,559998;112,43;109,330002;111,919998;91,025795;20570600
29/04/21;112,190002;112,949997;110,889999;111,949997;91,050201;19724300
30/04/21;110,989998;111,559998;109,019997;109,019997;88,667198;36888200
03/05/21;109,699997;110,349998;108,260002;108,459999;88,211739;19641000
04/05/21;108,949997;111,07;108,660004;110,099998;89,545578;20775600
05/05/21;111,989998;112,82;110,389999;110,709999;90,041702;25990600
06/05/21;111,940002;115,199997;111,480003;115,050003;93,571465;38194400
07/05/21;116,540001;116,550003;114,190002;115,449997;93,896797;21678700
10/05/21;119,800003;120,449997;114,690002;114,690002;93,278687;38889400
11/05/21;113,980003;118,720001;113,32;118,720001;96,55632;28693600
12/05/21;118;118,459999;113,959999;114,330002;92,985886;31737900
13/05/21;112;114,220001;110,720001;112,489998;91,489388;34338500
14/05/21;111,199997;111,790001;109,620003;110,559998;89,919701;25644200
17/05/21;111,5;113,82;111,169998;113,459999;92,278305;26097500
18/05/21;114,559998;115,400002;113,190002;114,599998;93,205482;27081500
19/05/21;112,099998;112,779999;109,839996;112,25;91,294205;32914300
20/05/21;111,699997;112,099998;110,199997;111,110001;90,367027;20951000
21/05/21;111,110001;111,25;108,5;109,400002;88,976257;27775000
24/05/21;108;110,139999;107,510002;109,779999;89,285324;19332500
25/05/21;110,279999;110,889999;106,779999;107,050003;87,064987;23310100
26/05/21;106,370003;110,32;106,029999;110,199997;89,6269;28241800
27/05/21;110,800003;112,089996;109,769997;110,989998;90,269424;55448700
28/05/21;111,110001;112,75;109,419998;111,589996;90,757408;25153500
31/05/21;112,5;114,889999;112,5;114,779999;93,351883;17812600
01/06/21;117;118;113,199997;113,199997;92,066849;31468400
02/06/21;114,220001;115,699997;113,5;114,800003;93,368141;20338300
04/06/21;114,5;114,779999;112,389999;112,900002;91,822845;18455100
07/06/21;112,199997;112,650002;110,699997;111,800003;90,928207;22746100
08/06/21;112,480003;112,769997;109,699997;109,919998;89,399185;22676500
09/06/21;110;113,339996;109,199997;112,199997;91,253532;22517600
10/06/21;112,220001;113,370003;111,040001;111,830002;90,952606;30750900
11/06/21;113,349998;114,760002;113,019997;114,339996;92,994019;18359200
14/06/21;114,910004;115,279999;113,120003;113,720001;92,489769;19212700
15/06/21;113,769997;113,860001;111,25;111,5;90,684219;20587900
16/06/21;111,5;111,629997;108,029999;108,150002;87,959625;38217700
17/06/21;107,68;109,160004;104,900002;105,900002;86,129677;33680600
18/06/21;107,010002;109,089996;106,519997;109,089996;88,724129;59819400
21/06/21;107,75;110,690002;107,139999;110,110001;89,553711;22673600
22/06/21;110,690002;112,080002;110,18;111,400002;90,602882;18576100
23/06/21;112,410004;114,25;112,160004;113,07;91,961113;29491400
24/06/21;111,720001;111,919998;110,269997;111,029999;92,085251;23136700
25/06/21;111,599998;113,970001;111,400002;112,400002;93,221489;26139200
28/06/21;113,239998;113,699997;110,010002;110,599998;91,728607;18866400
29/06/21;110,599998;113,050003;110,599998;112,510002;93,312721;19589500
30/06/21;111,830002;114,279999;111,68;113,25;93,926453;18903100
01/07/21;113,410004;114,360001;110,760002;111,279999;92,292587;22129200
02/07/21;112;113,620003;111,580002;113,580002;94,20015;19688800
05/07/21;113,900002;113,959999;112,279999;113,169998;93,8601;13732900
06/07/21;113,5;114,349998;112,669998;113,769997;94,357719;19028000
07/07/21;114,809998;115,580002;114;114,099998;94,631416;21460000
08/07/21;112,019997;114,510002;111,5;113,660004;94,266495;21824500
12/07/21;115,309998;116,300003;115;115,07;95,435913;22333300
13/07/21;115,099998;115,910004;114,849998;115,75;95,999878;12698500
14/07/21;116,260002;116,43;114,440002;115,120003;95,477379;19483600
15/07/21;114,989998;116,160004;114,5;115,480003;95,775963;18236100
16/07/21;115,339996;115,870003;113;113,400002;94,050858;19576800
19/07/21;112;112,160004;110,209999;112,160004;93,022438;18644300
20/07/21;112,160004;113,120003;110,209999;113,099998;93,802048;13066600
21/07/21;112,760002;114,870003;112,5;114,400002;94,880234;19607100
22/07/21;113,68;114,699997;112,690002;114,699997;95,129044;12083800
23/07/21;113,620003;114,489998;112,800003;114,120003;94,648003;13163300
26/07/21;114,440002;116,849998;114,440002;116,599998;96,704842;16419900
27/07/21;115,699997;116,050003;113,889999;114,18;94,697769;22106500
28/07/21;115,5;117,599998;115,25;117,300003;97,285408;25209200
29/07/21;116,370003;117,559998;114,75;115,57;95,850601;30576800
30/07/21;113,510002;113,510002;108,760002;108,760002;90,202576;41956700
02/08/21;110,900002;111,370003;108,93;108,93;90,343559;23109400
03/08/21;109,779999;113,029999;109,440002;112,639999;93,420532;36641400
04/08/21;112;113,25;111,620003;112,519997;93,321007;18828200
05/08/21;109,639999;109,989998;107,900002;109,080002;90,467972;32215200
06/08/21;109,849998;110,889999;109,5;109,699997;90,98217;19273100
09/08/21;108,199997;109,449997;107,68;109,010002;90,40992;21502300
10/08/21;108,949997;110,739998;108,839996;110,059998;91,280754;17440500
11/08/21;110,190002;110,5;109,260002;109,269997;90,625549;14680600
12/08/21;109,199997;109,980003;108,830002;109,199997;90,56749;14849500
13/08/21;109,699997;109,900002;107,959999;108,300003;89,82106;11855200
16/08/21;107,239998;108,900002;105,919998;108,800003;90,235748;21856700
17/08/21;108,110001;109,32;105,660004;107;88,742867;23402600
18/08/21;105,739998;105,739998;103,410004;103,410004;85,765434;35379200
19/08/21;98,660004;100,279999;97,300003;97,510002;80,872124;60456900
20/08/21;97,589996;99,099998;97,440002;97,550003;80,905304;31351100
23/08/21;97,559998;97,93;96,160004;96,199997;79,785645;19773500
24/08/21;99,379997;101,269997;99,099998;99,709999;82,696747;29779200
25/08/21;100,089996;100,459999;98,550003;99,5;82,522575;15088600
26/08/21;99,489998;99,800003;98,230003;98,230003;81,469284;18032300
27/08/21;99,010002;101;98,900002;100,690002;83,509537;19572800
30/08/21;100,82;101,639999;99,949997;100,050003;82,978737;13031600
31/08/21;99;99,260002;97,699997;98,68;81,842491;20433600
01/09/21;97,360001;99,589996;95,720001;98,849998;81,983482;20847500
02/09/21;98,769997;100;97,910004;98,540001;81,726379;24448600
03/09/21;100,160004;100,879997;98,510002;98,610001;81,784439;38716500
06/09/21;96,889999;97,550003;96,160004;97,059998;80,498909;11916100
08/09/21;96,470001;96,730003;94,699997;95,040001;78,823578;22635100
09/09/21;95,160004;95,720001;93,169998;94,699997;78,541588;28997700
10/09/21;95,510002;96,190002;94,809998;94,809998;78,63282;18022000
13/09/21;94,699997;95;93,940002;94,760002;78,591354;18832800
14/09/21;95,150002;95,580002;93,07;94,089996;78,035667;25571600
15/09/21;93,879997;94,440002;91,739998;91,739998;76,086647;35084400
16/09/21;90,43;90,43;87,919998;87,93;72,926743;39726500
17/09/21;88,290001;88,790001;85,080002;86,150002;71,450455;74648800
20/09/21;82,800003;83,940002;81,139999;82,75;68,630592;49636100
21/09/21;84,699997;84,699997;82,510002;84,120003;69,76683;32380300
22/09/21;88,099998;89,480003;86,510002;87,110001;72,246658;62161000
23/09/21;79,199997;80,339996;77,620003;78,910004;72,244125;47485400
24/09/21;78,290001;78,790001;77;77,690002;71,127182;26631600
27/09/21;78,599998;79,330002;76,5;78,800003;72,143417;38386300
28/09/21;77,480003;77,800003;74,559998;74,849998;68,527092;35896000
29/09/21;75,769997;76,800003;74,849998;75,800003;69,396843;39704900
30/09/21;77,400002;78,339996;75,730003;76,239998;69,799667;39151000
01/10/21;76,75;77,309998;75,68;76,199997;69,763046;23191700
04/10/21;76,589996;77;75,440002;75,489998;69,113022;25090000
05/10/21;75,989998;76,099998;74,949997;74,949997;68,618637;21889400
06/10/21;74,059998;77,269997;73,919998;77,059998;70,550392;27318400
07/10/21;78,339996;80,370003;77,709999;79,360001;72,656105;33115300
08/10/21;81,459999;81,839996;79,589996;79,849998;73,104721;37172600
11/10/21;81,900002;83,099998;80,739998;81,620003;74,725204;28327900
13/10/21;80,800003;80,800003;79,169998;79,199997;72,509621;32052800
14/10/21;79,989998;80,239998;79,129997;79,199997;72,509621;24030000
15/10/21;79,489998;80,949997;79,300003;80,68;73,864601;26927200
18/10/21;79,910004;80,400002;78,480003;79,919998;73,1688;20912800
19/10/21;79,720001;80,239998;78,809998;79;72,326515;20804500
20/10/21;78,370003;78,370003;76,279999;76,669998;70,193344;27576600
21/10/21;74,5;75,160004;72,949997;75,160004;68,810905;37556500
22/10/21;74,669998;77,099998;74,639999;76,080002;69,653191;35142600
25/10/21;77,199997;77,57;76,370003;77;70,495468;17950000
26/10/21;77,010002;77,07;76,07;76,18;69,744743;16674100
27/10/21;75,980003;76,730003;74,449997;74,449997;68,160881;20087300
28/10/21;74,449997;74,68;73,550003;73,699997;67,474228;22719000
29/10/21;73,019997;73,160004;71,019997;71,610001;65,560783;30268500
01/11/21;72;72,860001;71,150002;72,32;66,210815;19649600
03/11/21;70,599998;70,900002;66,610001;66,830002;61,184574;77316900
04/11/21;66,889999;67,620003;65,620003;66,07;60,488773;30122100
05/11/21;66,43;66,660004;64;64,110001;58,694344;35954600
08/11/21;64,400002;68,150002;64,330002;67,599998;61,88953;27722000
09/11/21;67,25;67,300003;65,230003;65,940002;60,369759;20961500
10/11/21;64,610001;66,279999;64,400002;65,690002;60,140877;22492600
11/11/21;68,459999;69,260002;67,599998;68,010002;62,264893;28795100
12/11/21;67,18;69,589996;67,010002;68,300003;62,530399;24542500
16/11/21;68;68,07;66,190002;66,330002;60,726814;17207900
17/11/21;66,989998;67,709999;65;65;59,509163;25487600
18/11/21;64,209999;64,650002;61,849998;62,330002;57,064713;51343900
19/11/21;63,27;64,800003;62,810001;64,029999;58,621101;26849500
22/11/21;65,550003;69,019997;65,150002;67,589996;61,880367;44693500
23/11/21;70,610001;71,970001;69,209999;69,370003;63,510014;30391600
24/11/21;70,110001;70,980003;69,510002;70,980003;64,984009;20764100
25/11/21;71,290001;71,290001;69,800003;70,5;64,544548;17199200
26/11/21;67,5;69,360001;67,5;68,639999;62,841675;22664200
29/11/21;70,279999;70,599998;69,160004;69,5;63,629028;18164000
30/11/21;69;71,449997;68,690002;69,949997;64,041008;42668700
01/12/21;71,300003;71,949997;69,970001;70,230003;64,297363;28194700
02/12/21;70,970001;73,559998;70,110001;73,489998;67,281975;24888400
03/12/21;73,089996;74,339996;71;71,870003;65,79882;34451500
06/12/21;72,870003;75,989998;71,959999;75,769997;69,36937;28848800
07/12/21;78,279999;79,809998;76,099998;76,330002;69,882072;37125100
08/12/21;76,989998;76,989998;74,980003;75,760002;69,360222;24281000
09/12/21;74,889999;75,949997;74,449997;75,18;68,829208;16925200
10/12/21;75,5;76,199997;74,839996;75,650002;69,259506;16827100
13/12/21;77,5;78,730003;77,389999;77,860001;71,282822;31699100
14/12/21;78,519997;78,889999;77,230003;77,849998;71,273666;21063500
15/12/21;78,080002;78,18;76,199997;77,410004;70,870834;22112200
16/12/21;79;80,459999;78,459999;80,440002;73,644882;30125700
17/12/21;79,900002;80,669998;79,07;79,169998;72,482155;38744500
20/12/21;78;78,900002;77,279999;78,279999;71,667336;19195400
21/12/21;79,800003;80,389999;79,150002;80,339996;73,553322;19590300
22/12/21;79,889999;80,150002;78,580002;79,919998;73,1688;18655600
23/12/21;79,949997;80,059998;78,800003;79,150002;72,463844;13121200
27/12/21;78,870003;79,449997;78,260002;78,949997;72,280739;11371400
28/12/21;78,510002;78,529999;76,57;77,050003;70,541252;18923700
29/12/21;76,379997;77,980003;76,349998;77,25;70,72435;12113500
30/12/21;77,989998;78,980003;77,610001;77,959999;71,374374;26568500
03/01/22;79;79,970001;78;78;71,410995;18557200
04/01/22;78,510002;79,07;76,900002;77,080002;70,56871;18178700
05/01/22;77,370003;78,68;77,129997;77,809998;71,237045;22039000
06/01/22;78,639999;80,349998;78,309998;79,379997;72,674416;22044100
07/01/22;80,400002;84;79,790001;84;76,904144;35213100
10/01/22;82,489998;84,269997;82,300003;83;75,988625;25056700
11/01/22;83,480003;85,150002;83,309998;84,580002;77,435158;28418800
12/01/22;86,489998;86,580002;84,93;85,5;78,277435;27335400
13/01/22;84,839996;85,230003;83,699997;84,199997;77,08725;23154200
14/01/22;83,720001;84,93;82,910004;84,690002;77,535858;21183400
17/01/22;84;84,599998;84;84,25;77,133026;9688500
18/01/22;84,580002;86,879997;84,480003;86,309998;79,019012;24080200
19/01/22;88,480003;89;87,879997;88,209999;80,758507;29332500
20/01/22;88,800003;88,970001;86,639999;86,709999;79,385223;22748800
21/01/22;86,470001;86,730003;84,339996;84,910004;77,737282;32752300
24/01/22;83,699997;83,959999;82,080002;83,870003;76,785133;29040100
25/01/22;84,059998;85,050003;83,050003;84,059998;76,959076;22490500
26/01/22;85,900002;86,559998;83,82;84,300003;77,17881;25806800
27/01/22;85;85,459999;83,269997;84,489998;77,352753;20994900
28/01/22;85,580002;86,349998;82,830002;83,660004;76,592873;28453000
31/01/22;82,940002;82,940002;80,870003;80,870003;74,038551;31397700
01/02/22;81,5;85,330002;81,370003;85,309998;78,103485;24131300
02/02/22;85,5;86,290001;84,720001;85,790001;78,542938;17489000
03/02/22;86,300003;86,779999;85,32;85,75;78,506317;19179400
04/02/22;85,75;88,169998;85,550003;88;80,566246;24535400
07/02/22;88,150002;90,239998;88,150002;90,129997;82,516312;24915800
08/02/22;90,449997;91,480003;89,5;91,389999;83,669884;26598600
09/02/22;90;91,800003;89,330002;91,410004;83,688194;24815300
10/02/22;92,449997;94,480003;92,029999;93,870003;85,940384;47888900
11/02/22;93,360001;93,400002;91,599998;91,970001;84,200882;34555300
14/02/22;91,110001;92,169998;90,82;91,57;83,834671;22804400
15/02/22;89,019997;89,940002;87,699997;88,849998;81,344444;29624900
16/02/22;89,440002;90,620003;89,099998;89,5;81,939537;20774700
17/02/22;88,849998;89;85,370003;85,650002;78,414772;36259300
18/02/22;86,440002;87,029999;85,43;85,830002;78,579559;22690600
21/02/22;86,599998;87,989998;85,5;85,900002;78,643654;14561000
22/02/22;86,690002;87,400002;85,800003;87,389999;80,007774;23591200
23/02/22;88,089996;88,339996;85,550003;86,470001;79,165497;24413800
24/02/22;84,620003;88,040001;83,730003;87,540001;80,145103;37212500
25/02/22;86,519997;92,410004;85,099998;92,279999;84,484695;51028300
02/03/22;98,970001;99,699997;97,059998;99,650002;91,232124;42191500
03/03/22;100,199997;101,260002;99,5;99,699997;91,277893;38621400
04/03/22;98,68;102,089996;98,120003;101,970001;93,356148;30533200
07/03/22;104,440002;105,900002;103,870003;105,07;96,194275;55305300
08/03/22;106,989998;107,110001;99,720001;100,459999;91,973694;53060200
09/03/22;95,790001;95,800003;92,559998;94,190002;89,548645;41051200
10/03/22;94,5;97,300003;94,080002;97,300003;92,505394;33107000
11/03/22;97,43;98,410004;96,760002;96,790001;92,020523;24321500
14/03/22;94,980003;95,199997;91,25;91,599998;87,086266;37172800
15/03/22;88,989998;89,580002;87,279999;88,970001;84,585869;47128500
16/03/22;91,889999;93,879997;89,309998;91,129997;86,639427;37906100
17/03/22;92,900002;94,980003;92,57;94,300003;89,653229;40663500
18/03/22;95,410004;96,089996;93,800003;96,089996;91,355011;46080900
21/03/22;97,330002;99,43;97,150002;98,809998;93,940987;25374600
22/03/22;98,510002;98,959999;96,190002;96,599998;91,839882;29489800
23/03/22;97,5;98,940002;96,290001;96,449997;91,697273;26309600
24/03/22;96,199997;97,599998;95,309998;96,910004;92,134613;23122800
25/03/22;97,699997;98,300003;94,300003;95,230003;90,537399;22505500
28/03/22;95,699997;96,339996;93,610001;95,339996;90,641975;16274200
29/03/22;95,339996;95,660004;93,400002;94,519997;89,862381;38228800
30/03/22;96,32;97,110001;95,269997;95,870003;91,145859;22007500
31/03/22;96,419998;96,889999;95,360001;95,599998;90,88916;17981400
01/04/22;96,779999;97,5;96,07;96,959999;92,182144;22457700
04/04/22;96,769997;98,25;96,550003;97,940002;93,113861;16914000
05/04/22;97,360001;97,779999;94,82;95,110001;90,423309;25764400
06/04/22;95,330002;96,720001;95,330002;96,550003;91,792351;22615800
07/04/22;95,5;97,690002;95,139999;97,129997;92,343765;19946600
08/04/22;96,639999;97,400002;94,620003;95,150002;90,461342;26887400
11/04/22;93,809998;94,709999;92,919998;94;89,368004;16515800
12/04/22;95,099998;95,610001;93,239998;93,370003;88,769051;16822600
13/04/22;93,489998;94,379997;92,809998;93,400002;88,797577;23674700
14/04/22;93,309998;94;91,360001;92,089996;87,552124;24980700
18/04/22;91,610001;92;90,010002;90,57;86,107025;14812600
19/04/22;89,690002;89,690002;86,839996;87,68;83,359436;34550900
20/04/22;86,610001;86,669998;84,400002;85,400002;81,191788;29635700
22/04/22;83,25;83,400002;80,080002;80,449997;76,485703;39058200
25/04/22;77,940002;79,610001;77,540001;79,080002;75,183212;38943700
26/04/22;79,080002;79,32;77,849998;78;74,156433;37069400
27/04/22;80,459999;82,699997;80,150002;82,169998;78,120949;49408800
28/04/22;85,019997;85,550003;80,830002;84,199997;80,050911;56032800
29/04/22;86,18;87,199997;83,290001;83,290001;79,18576;47492200
02/05/22;83,160004;83,199997;80,639999;82,919998;78,833992;31473600
03/05/22;82,949997;84,209999;82,190002;82,5;78,434685;27364600
04/05/22;81,93;82,18;79,849998;81,809998;77,778687;34032200
05/05/22;81,550003;83,199997;79,080002;80,330002;76,37162;30906600
06/05/22;79,199997;80,900002;78,25;79,760002;75,829704;25204100
09/05/22;77,529999;77,980003;76,080002;76,489998;72,720833;37050200
10/05/22;76,269997;76,940002;74,870003;75,540001;71,81765;31905000
11/05/22;77,370003;79,889999;77,120003;78,690002;74,812431;33933400
12/05/22;77,050003;77,900002;75,870003;77,900002;74,061363;27737200
13/05/22;78,419998;79,349998;77,800003;77,809998;73,975792;26086800
16/05/22;78,68;80,639999;78,519997;80,139999;76,190979;23828800
17/05/22;81,849998;81,919998;78,860001;79,800003;75,867737;29305300
18/05/22;78,709999;79,25;77,419998;77,779999;73,947273;30631700
19/05/22;77,779999;80,379997;77,470001;79,849998;75,915268;29984300
20/05/22;82,010002;82,459999;80,580002;81,260002;77,255791;38372000
23/05/22;82,300003;83,650002;82,269997;82,919998;78,833992;27632800
24/05/22;81,82;84,089996;81;84,040001;79,898804;35176800
25/05/22;84;84,800003;83,410004;84,300003;80,145988;24607700
26/05/22;84,160004;84,650002;83,099998;84,25;80,09845;27450600
27/05/22;84,900002;85,879997;84,699997;85,720001;81,496017;19834500
30/05/22;86,279999;87,410004;86,010002;86,650002;82,380188;16147900
31/05/22;87,220001;87,43;85,010002;86,209999;81,961868;41369800
01/06/22;86,190002;88,779999;86;88,239998;83,891838;26258900
02/06/22;90;90,279999;89;89,900002;85,470039;25142400
03/06/22;89,5;89,809998;88,360001;88,459999;84,100998;18431900
06/06/22;89,639999;89,790001;88,550003;88,550003;84,186569;14932800
07/06/22;88,239998;90,889999;88,110001;90,620003;86,154564;27004800
08/06/22;89,779999;90,330002;86,849998;87,5;83,188301;26959100
09/06/22;87;87;84,449997;84,540001;80,374161;36291100
10/06/22;83,370003;84,989998;82,379997;84,559998;80,393173;28689500
13/06/22;82,099998;82,870003;80,099998;81,879997;77,845238;31050500
14/06/22;82,330002;82,800003;80,889999;81,720001;77,693123;22634500
15/06/22;82,099998;83,769997;81,540001;81,669998;77,645584;33610300
17/06/22;79,349998;79,349998;76,110001;77,410004;73,595505;56914600
20/06/22;75,599998;76,18;74,25;75,5;71,779625;26725700
21/06/22;76,800003;77,639999;75,760002;76;72,254982;20981000
22/06/22;74;76,050003;73,379997;75,349998;71,637009;32228300
23/06/22;76,440002;77,309998;72,43;72,599998;69,022522;31943300
24/06/22;72,779999;74,879997;72,599998;74,620003;70,942986;22394300
27/06/22;76,5;78,970001;76,059998;78,050003;74,203972;28825700
28/06/22;80;80,230003;78,779999;79,449997;75,534973;26052000
29/06/22;79,610001;80,089996;78,040001;78,790001;74,907501;18636600
30/06/22;76,989998;78,050003;76,169998;76,559998;72,787384;27471300
01/07/22;75,519997;76,529999;73,800003;75,099998;71,39933;26721000
04/07/22;74;75,010002;73,580002;74,669998;70,990517;12474200
05/07/22;74,339996;74,419998;72,57;74,300003;70,638756;26472200
06/07/22;74,650002;75,449997;73,540001;75;71,30426;23138800
07/07/22;77,260002;78,220001;76,879997;77,18;73,376839;34251200
08/07/22;76,830002;77,860001;75,300003;75,400002;71,684547;24149200
11/07/22;74,150002;74,160004;72,559998;72,830002;69,241196;22076800
12/07/22;72;73,169998;71,059998;73,050003;69,450356;22460000
13/07/22;72,949997;73,639999;72,309998;72,800003;69,212669;22980800
14/07/22;70,5;70,830002;67,559998;67,949997;64,601654;57715800
15/07/22;67,5;68,489998;66,650002;68,370003;65,000969;36589000
18/07/22;70,389999;70,389999;68,699997;68,730003;65,343224;22131300
19/07/22;68,209999;69,269997;67,989998;68,879997;65,485832;21785500
20/07/22;68,459999;68,480003;66,18;67,389999;64,069252;40427400
21/07/22;67,309998;68,620003;66,639999;68,57;65,191109;26987300
22/07/22;69,800003;70,75;68,970001;69,209999;65,799568;27884000
25/07/22;70,660004;71,230003;70,040001;70,489998;67,016495;19833200
26/07/22;71,32;71,419998;69,580002;70,360001;66,892906;19791500
27/07/22;69,970001;70,620003;69,309998;70,519997;67,045013;21666900
28/07/22;71,459999;71,970001;70,309998;70,690002;67,206642;21778700
29/07/22;69,669998;70,32;68,029999;69,75;66,312965;77006600
01/08/22;68,940002;69,849998;67,93;68,080002;64,725258;38874000
02/08/22;68,330002;70,470001;66,980003;70,25;66,788322;32636900
03/08/22;70,059998;70,150002;67,519997;67,519997;64,192848;31934600
04/08/22;67,669998;68,050003;66,82;67,129997;63,822063;40540800
05/08/22;67,889999;68,75;67,5;68;64,649193;36129300
08/08/22;68,830002;69,139999;67,760002;68,580002;65,200615;35705300
09/08/22;68,589996;70,160004;68,150002;70;66,550644;35174600
10/08/22;70,730003;70,809998;69,120003;70,050003;66,598183;30202200
11/08/22;70,800003;73,650002;70,550003;72,489998;68,917946;51158600
12/08/22;68,779999;69,800003;68,300003;69,800003;69,800003;35608400
15/08/22;68;68,550003;67,040001;68,300003;68,300003;26735800
16/08/22;69,5;70,349998;69,110001;69,82;69,82;22070200
17/08/22;68,32;68,800003;67,889999;68,230003;68,230003;29131700
18/08/22;68,300003;68,610001;67,709999;67,720001;67,720001;27692000
19/08/22;67;67,440002;66,480003;66,959999;66,959999;45903800
22/08/22;66,800003;66,910004;65,830002;65,980003;65,980003;19335700
23/08/22;66,779999;70,300003;66,650002;70,209999;70,209999;37223500
24/08/22;69,779999;70,25;67,809998;67,949997;67,949997;28773800
25/08/22;68,900002;69,43;68,25;69,269997;69,269997;24956700
26/08/22;69,650002;71,199997;68,230003;68,230003;68,230003;28510100
29/08/22;67,5;67,900002;66,849998;66,910004;66,910004;22128100
30/08/22;65,940002;66,580002;64,400002;64,970001;64,970001;34469300